{
  "version": 1,
  "author": "Anonymous maker",
  "editor": "wokwi",
  "parts": [
    { "type": "wokwi-breadboard-half", "id": "bb1", "top": -137.4, "left": 1308.4, "attrs": {} },
    { "type": "wokwi-arduino-mega", "id": "uno", "top": -153, "left": 812.4, "attrs": {} },
    {
      "type": "wokwi-dht22",
      "id": "dht1",
      "top": -518.1,
      "left": 1377,
      "attrs": { "temperature": "26.9", "humidity": "26" }
    },
    {
      "type": "wokwi-photoresistor-sensor",
      "id": "ldr1",
      "top": 108.8,
      "left": 759.2,
      "attrs": {}
    },
    {
      "type": "wokwi-lcd1602",
      "id": "lcd1",
      "top": 131.2,
      "left": 1532,
      "attrs": { "pins": "i2c" }
    },
    {
      "type": "wokwi-rgb-led",
      "id": "rgb1",
      "top": -495.2,
      "left": 913.1,
      "attrs": { "common": "cathode" }
    },
    {
      "type": "wokwi-hc-sr04",
      "id": "ultrasonic1",
      "top": -507.3,
      "left": 1445.5,
      "attrs": { "distance": "400" }
    },
    { "type": "board-ds18b20", "id": "temp1", "top": -461.93, "left": 1309.68, "attrs": {} },
    {
      "type": "wokwi-servo",
      "id": "servo1",
      "top": -617.2,
      "left": 1068.4,
      "rotate": 180,
      "attrs": {}
    },
    {
      "type": "wokwi-led",
      "id": "led1",
      "top": -147.6,
      "left": 618.2,
      "attrs": { "color": "yellow" }
    },
    {
      "type": "wokwi-led",
      "id": "led2",
      "top": -147.6,
      "left": 579.8,
      "attrs": { "color": "yellow" }
    },
    {
      "type": "wokwi-led",
      "id": "led3",
      "top": -147.6,
      "left": 541.4,
      "attrs": { "color": "green" }
    },
    {
      "type": "wokwi-led",
      "id": "led4",
      "top": -147.6,
      "left": 503,
      "attrs": { "color": "green" }
    },
    {
      "type": "wokwi-led",
      "id": "led5",
      "top": -147.6,
      "left": 464.6,
      "attrs": { "color": "red" }
    },
    {
      "type": "wokwi-led",
      "id": "led6",
      "top": -147.6,
      "left": 426.2,
      "attrs": { "color": "red" }
    },
    {
      "type": "wokwi-led",
      "id": "led7",
      "top": -147.6,
      "left": 695,
      "attrs": { "color": "blue" }
    },
    {
      "type": "wokwi-led",
      "id": "led8",
      "top": -147.6,
      "left": 656.6,
      "attrs": { "color": "blue" }
    },
    {
      "type": "wokwi-resistor",
      "id": "r1",
      "top": -72,
      "left": 421.85,
      "rotate": 90,
      "attrs": { "value": "220" }
    },
    {
      "type": "wokwi-resistor",
      "id": "r2",
      "top": -72,
      "left": 537.05,
      "rotate": 90,
      "attrs": { "value": "220" }
    },
    {
      "type": "wokwi-resistor",
      "id": "r3",
      "top": -72,
      "left": 690.65,
      "rotate": 90,
      "attrs": { "value": "220" }
    },
    {
      "type": "wokwi-resistor",
      "id": "r4",
      "top": -72,
      "left": 498.65,
      "rotate": 90,
      "attrs": { "value": "220" }
    },
    {
      "type": "wokwi-resistor",
      "id": "r5",
      "top": -72,
      "left": 460.25,
      "rotate": 90,
      "attrs": { "value": "220" }
    },
    {
      "type": "wokwi-resistor",
      "id": "r6",
      "top": -72,
      "left": 575.45,
      "rotate": 90,
      "attrs": { "value": "220" }
    },
    {
      "type": "wokwi-resistor",
      "id": "r7",
      "top": -72,
      "left": 613.85,
      "rotate": 90,
      "attrs": { "value": "220" }
    },
    {
      "type": "wokwi-resistor",
      "id": "r8",
      "top": -72,
      "left": 652.25,
      "rotate": 90,
      "attrs": { "value": "220" }
    },
    { "type": "wokwi-ir-receiver", "id": "ir1", "top": -260.55, "left": 1198.22, "attrs": {} },
    { "type": "wokwi-ir-remote", "id": "remote1", "top": -499.2, "left": 672, "attrs": {} }
  ],
  "connections": [
    [ "uno:3", "dht1:SDA", "green", [ "v-163.2", "h360.7", "v0", "h-0.1" ] ],
    [ "uno:A0", "ldr1:AO", "green", [ "v0" ] ],
    [ "uno:GND.2", "ldr1:GND", "black", [ "v0" ] ],
    [ "uno:5V", "ldr1:VCC", "red", [ "v0" ] ],
    [ "uno:5", "ultrasonic1:TRIG", "green", [ "v-211.2", "h397.8" ] ],
    [ "uno:6", "ultrasonic1:ECHO", "green", [ "v-201.6", "h417.3" ] ],
    [ "uno:13", "rgb1:R", "green", [ "v-38.4", "h-18.8", "v-268.8" ] ],
    [ "uno:12", "rgb1:G", "green", [ "h0.5", "v-307.2" ] ],
    [ "uno:11", "rgb1:B", "green", [ "v-249.6", "h0.6", "v-57.6" ] ],
    [ "uno:GND.1", "rgb1:COM", "black", [ "v-96", "h0.3", "v-201.2" ] ],
    [ "servo1:PWM", "uno:10", "green", [ "v-9.8", "h48", "v172.8", "h-202.3" ] ],
    [ "temp1:DQ", "uno:7", "green", [ "v96", "h-205.2" ] ],
    [ "r1:1", "led6:A", "green", [ "h0" ] ],
    [ "r5:1", "led5:A", "green", [ "h0" ] ],
    [ "r4:1", "led4:A", "green", [ "h0" ] ],
    [ "r2:1", "led3:A", "green", [ "h0" ] ],
    [ "r7:1", "led1:A", "green", [ "h0" ] ],
    [ "r8:1", "led8:A", "green", [ "h0" ] ],
    [ "r3:1", "led7:A", "green", [ "h0" ] ],
    [ "r6:1", "led2:A", "green", [ "h0" ] ],
    [ "r1:2", "uno:13", "green", [ "v75.6", "h604.4" ] ],
    [ "r5:2", "uno:12", "green", [ "v66", "h565.9" ] ],
    [ "r4:2", "uno:11", "green", [ "v56.4", "h537" ] ],
    [ "r2:2", "uno:9", "green", [ "v46.8", "h412.8", "v-153.6" ] ],
    [ "r6:2", "uno:8", "green", [ "v37.2", "h489.2" ] ],
    [ "r7:2", "uno:5", "green", [ "v27.6", "h485.8" ] ],
    [ "r8:2", "uno:4", "green", [ "v18", "h456.9" ] ],
    [ "uno:2", "r3:2", "green", [ "v115.2", "h-330.4" ] ],
    [ "uno:5V", "bb1:bp.1", "red", [ "v16.5", "h365.5" ] ],
    [ "uno:GND.2", "bb1:bn.1", "black", [ "v26.1", "h355.75" ] ],
    [ "bb1:tp.25", "bb1:bp.25", "red", [ "v0" ] ],
    [ "bb1:bn.24", "bb1:tn.24", "black", [ "v0" ] ],
    [ "bb1:tp.15", "ultrasonic1:VCC", "red", [ "v0.3", "h-8" ] ],
    [ "bb1:tn.19", "ultrasonic1:GND", "black", [ "v0" ] ],
    [ "dht1:GND", "bb1:tn.6", "black", [ "v0" ] ],
    [ "bb1:tp.3", "dht1:VCC", "red", [ "v-38.1", "h30.4" ] ],
    [ "bb1:tp.1", "temp1:VCC", "red", [ "v0.3", "h-75.2" ] ],
    [ "bb1:tn.2", "temp1:GND", "black", [ "v-0.1", "h-36.8" ] ],
    [ "bb1:tp.21", "servo1:V+", "red", [ "v-172.5", "h78.4", "v-201.6" ] ],
    [ "bb1:tn.22", "servo1:GND", "black", [ "v-163.3", "h88", "v-259.2" ] ],
    [ "uno:GND.2", "led7:C", "black", [ "v28.7", "h-380.5" ] ],
    [ "uno:GND.2", "led8:C", "black", [ "v28.7", "h-418.5" ] ],
    [ "uno:GND.2", "led1:C", "black", [ "v28.7", "h-353.05", "v-165.8" ] ],
    [ "uno:GND.2", "led2:C", "black", [ "v28.7", "h-495.3" ] ],
    [ "uno:GND.2", "led3:C", "black", [ "v28.7", "h-533.7" ] ],
    [ "uno:GND.2", "led4:C", "black", [ "v28.7", "h-572.1" ] ],
    [ "uno:GND.2", "led5:C", "black", [ "v28.7", "h-610.5" ] ],
    [ "uno:GND.2", "led6:C", "black", [ "v28.7", "h-658.5" ] ],
    [ "bb1:tn.4", "ir1:GND", "black", [ "v19.1", "h-132.8" ] ],
    [ "ir1:DAT", "uno:16", "green", [ "v9.6", "h-136.5" ] ],
    [ "lcd1:GND", "bb1:bn.18", "black", [ "h0" ] ],
    [ "lcd1:VCC", "bb1:bp.15", "red", [ "h0" ] ],
    [ "uno:21", "lcd1:SCL", "green", [ "v0" ] ],
    [ "lcd1:SDA", "uno:20", "green", [ "h0" ] ]
  ],
  "dependencies": {}
}